0.36,ID_Ballast,12.48
0.36,ID_Ballast,0.00,10.19,0.00
0.40,ID_Ballast,12.48
0.40,ID_Ballast,0.00,9.79,0.00
0.44,ID_Ballast,12.48
0.44,ID_Ballast,0.00,9.34,0.00
0.48,ID_Ballast,12.48
0.48,ID_Ballast,0.00,8.83,0.00
0.52,ID_Ballast,12.48
0.52,ID_Ballast,0.00,8.27,0.00
0.56,ID_Ballast,12.48
0.56,ID_Ballast,0.00,7.66,0.00
0.60,ID_Ballast,14.97
0.60,ID_Ballast,0.00,7.00,0.00
0.64,ID_Ballast,18.95
0.64,ID_Ballast,0.00,6.29,0.00
0.68,ID_Ballast,22.94
0.68,ID_Ballast,0.00,5.94,0.02
0.72,ID_Ballast,0.00,5.94,0.10
0.76,ID_Ballast,30.91
0.76,ID_Ballast,0.01,5.89,0.20
0.80,ID_Ballast,34.90
0.80,ID_Ballast,0.01,5.82,0.27
0.84,ID_Ballast,38.89
0.84,ID_Ballast,0.00,5.75,0.26
0.88,ID_Ballast,42.87
0.88,ID_Ballast,0.00,5.77,0.33
0.92,ID_Ballast,46.86
0.92,ID_Ballast,0.01,5.78,0.38
0.96,ID_Ballast,50.85
0.96,ID_Ballast,0.02,5.78,0.42
1.00,ID_Ballast,54.83
1.00,ID_Ballast,0.03,5.78,0.46
1.04,ID_Ballast,58.82
1.04,ID_Ballast,0.03,5.77,0.48
1.08,ID_Ballast,62.81
1.08,ID_Ballast,0.03,5.75,0.49
1.12,ID_Ballast,66.79
1.12,ID_Ballast,0.03,5.73,0.50
1.16,ID_Ballast,70.78
1.16,ID_Ballast,0.03,5.71,0.51
1.20,ID_Ballast,74.77
1.20,ID_Ballast,0.04,5.70,0.51
1.24,ID_Ballast,78.75
1.24,ID_Ballast,0.04,5.69,0.51
1.28,ID_Ballast,82.74
1.28,ID_Ballast,0.04,5.69,0.51
1.32,ID_Ballast,86.73
1.32,ID_Ballast,0.04,5.70,0.50
1.36,ID_Ballast,90.71
1.36,ID_Ballast,0.04,5.70,0.50
1.40,ID_Ballast,94.70
1.40,ID_Ballast,0.04,5.71,0.49
1.44,ID_Ballast,98.69
1.44,ID_Ballast,0.03,5.70,0.49
1.48,ID_Ballast,102.67
1.48,ID_Ballast,0.04,5.70,0.48
1.52,ID_Ballast,106.66
1.52,ID_Ballast,0.04,5.69,0.48
1.56,ID_Ballast,110.65
1.56,ID_Ballast,0.04,5.67,0.48
1.60,ID_Ballast,114.63
1.60,ID_Ballast,0.04,5.66,0.48
1.64,ID_Ballast,118.62
1.64,ID_Ballast,0.04,5.64,0.47
1.68,ID_Ballast,122.61
1.68,ID_Ballast,0.04,5.63,0.47
1.72,ID_Ballast,126.59
1.72,ID_Ballast,0.04,5.62,0.47
1.76,ID_Ballast,130.58
1.76,ID_Ballast,0.04,5.62,0.47
1.80,ID_Ballast,134.57
1.80,ID_Ballast,0.04,5.62,0.47
1.84,ID_Ballast,138.55
1.84,ID_Ballast,0.04,5.62,0.47
1.88,ID_Ballast,142.54
1.88,ID_Ballast,0.05,5.62,0.46
1.92,ID_Ballast,146.53
1.92,ID_Ballast,0.05,5.62,0.46
1.96,ID_Ballast,150.51
1.96,ID_Ballast,0.05,5.61,0.46
2.00,ID_Ballast,154.50
2.00,ID_Ballast,0.05,5.61,0.46
2.04,ID_Ballast,158.49
2.04,ID_Ballast,0.05,5.61,0.45
2.08,ID_Ballast,162.47
2.08,ID_Ballast,0.06,5.60,0.45
2.12,ID_Ballast,166.46
2.12,ID_Ballast,0.06,5.59,0.45
2.16,ID_Ballast,170.45
2.16,ID_Ballast,0.06,5.58,0.45
2.20,ID_Ballast,174.43
2.20,ID_Ballast,0.06,5.56,0.44
2.24,ID_Ballast,178.42
2.24,ID_Ballast,0.06,5.55,0.44
2.28,ID_Ballast,182.41
2.28,ID_Ballast,0.06,5.54,0.44
2.32,ID_Ballast,186.39
2.32,ID_Ballast,0.06,5.54,0.43
2.36,ID_Ballast,190.38
2.36,ID_Ballast,0.06,5.53,0.43
2.40,ID_Ballast,194.37
2.40,ID_Ballast,0.07,5.53,0.42
2.44,ID_Ballast,198.35
2.44,ID_Ballast,0.07,5.52,0.41
2.48,ID_Ballast,202.34
2.48,ID_Ballast,0.07,5.52,0.41
2.52,ID_Ballast,206.33
2.52,ID_Ballast,0.07,5.52,0.40
2.56,ID_Ballast,210.31
2.56,ID_Ballast,0.07,5.52,0.40
2.60,ID_Ballast,214.30
2.60,ID_Ballast,0.07,5.52,0.39
2.64,ID_Ballast,218.29
2.64,ID_Ballast,0.08,5.51,0.38
2.68,ID_Ballast,222.27
2.68,ID_Ballast,0.08,5.51,0.38
2.72,ID_Ballast,226.26
2.72,ID_Ballast,0.08,5.50,0.37
2.76,ID_Ballast,230.25
2.76,ID_Ballast,0.08,5.49,0.37
2.80,ID_Ballast,234.23
2.80,ID_Ballast,0.08,5.48,0.36
2.84,ID_Ballast,238.22
2.84,ID_Ballast,0.08,5.47,0.36
2.88,ID_Ballast,242.21
2.88,ID_Ballast,0.08,5.46,0.36
2.92,ID_Ballast,246.19
2.92,ID_Ballast,0.08,5.45,0.35
2.96,ID_Ballast,250.18
2.96,ID_Ballast,0.08,5.45,0.35
3.00,ID_Ballast,254.17
3.00,ID_Ballast,0.09,5.44,0.35
3.04,ID_Ballast,258.15
3.04,ID_Ballast,0.09,5.44,0.35
3.08,ID_Ballast,262.14
3.08,ID_Ballast,0.09,5.43,0.35
3.12,ID_Ballast,266.13
3.12,ID_Ballast,0.09,5.43,0.34
3.16,ID_Ballast,270.11
3.16,ID_Ballast,0.09,5.43,0.34
3.20,ID_Ballast,274.10
3.20,ID_Ballast,0.09,5.43,0.34
3.24,ID_Ballast,278.09
3.24,ID_Ballast,0.09,5.43,0.34
3.28,ID_Ballast,282.07
3.28,ID_Ballast,0.09,5.42,0.34
3.32,ID_Ballast,286.06
3.32,ID_Ballast,0.10,5.42,0.34
3.36,ID_Ballast,290.05
3.36,ID_Ballast,0.10,5.41,0.33
3.40,ID_Ballast,294.03
3.40,ID_Ballast,0.10,5.41,0.33
3.44,ID_Ballast,298.02
3.44,ID_Ballast,0.10,5.40,0.33
3.48,ID_Ballast,302.01
3.48,ID_Ballast,0.10,5.39,0.33
3.52,ID_Ballast,305.99
3.52,ID_Ballast,0.11,5.38,0.33
3.56,ID_Ballast,309.98
3.56,ID_Ballast,0.11,5.37,0.32
3.60,ID_Ballast,313.97
3.60,ID_Ballast,0.11,5.36,0.32
3.64,ID_Ballast,317.95
3.64,ID_Ballast,0.11,5.36,0.31
3.68,ID_Ballast,321.94
3.68,ID_Ballast,0.12,5.35,0.31
3.72,ID_Ballast,325.93
3.72,ID_Ballast,0.12,5.34,0.30
3.76,ID_Ballast,329.91
3.76,ID_Ballast,0.13,5.34,0.29
3.80,ID_Ballast,333.90
3.80,ID_Ballast,0.13,5.33,0.28
3.84,ID_Ballast,337.89
3.84,ID_Ballast,0.14,5.33,0.28
3.88,ID_Ballast,341.87
3.88,ID_Ballast,0.15,5.33,0.27
3.92,ID_Ballast,345.86
3.92,ID_Ballast,0.15,5.33,0.26
3.96,ID_Ballast,349.85
3.96,ID_Ballast,0.16,5.32,0.25
4.00,ID_Ballast,353.83
4.00,ID_Ballast,0.16,5.32,0.24
4.04,ID_Ballast,357.82
4.04,ID_Ballast,0.17,5.32,0.24
4.08,ID_Ballast,361.81
4.08,ID_Ballast,0.18,5.31,0.23
4.12,ID_Ballast,365.79
4.12,ID_Ballast,0.19,5.31,0.22
4.16,ID_Ballast,369.78
4.16,ID_Ballast,0.20,5.30,0.22
4.20,ID_Ballast,373.77
4.20,ID_Ballast,0.20,5.29,0.22
4.24,ID_Ballast,377.75
4.24,ID_Ballast,0.21,5.29,0.21
4.28,ID_Ballast,381.74
4.28,ID_Ballast,0.22,5.28,0.21
4.32,ID_Ballast,385.73
4.32,ID_Ballast,0.23,5.27,0.22
4.36,ID_Ballast,389.71
4.36,ID_Ballast,0.24,5.26,0.22
4.40,ID_Ballast,393.70
4.40,ID_Ballast,0.25,5.26,0.22
4.44,ID_Ballast,397.69
4.44,ID_Ballast,0.26,5.25,0.22
4.48,ID_Ballast,401.67
4.48,ID_Ballast,0.27,5.24,0.23
4.52,ID_Ballast,405.66
4.52,ID_Ballast,0.28,5.22,0.23
4.56,ID_Ballast,409.65
4.56,ID_Ballast,0.29,5.21,0.24
4.60,ID_Ballast,413.63
4.60,ID_Ballast,0.31,5.20,0.25
4.64,ID_Ballast,417.62
4.64,ID_Ballast,0.32,5.18,0.26
4.68,ID_Ballast,421.61
4.68,ID_Ballast,0.33,5.17,0.27
4.72,ID_Ballast,425.59
4.72,ID_Ballast,0.34,5.15,0.27
4.76,ID_Ballast,429.58
4.76,ID_Ballast,0.36,5.14,0.28
4.80,ID_Ballast,433.57
4.80,ID_Ballast,0.37,5.13,0.28
4.84,ID_Ballast,437.55
4.84,ID_Ballast,0.39,5.13,0.29
4.88,ID_Ballast,441.54
4.88,ID_Ballast,0.40,5.12,0.29
4.92,ID_Ballast,445.53
4.92,ID_Ballast,0.42,5.12,0.30
4.96,ID_Ballast,449.51
4.96,ID_Ballast,0.44,5.12,0.30
5.00,ID_Ballast,453.50
5.00,ID_Ballast,0.46,5.12,0.30
5.04,ID_Ballast,457.49
5.04,ID_Ballast,0.48,5.12,0.31
5.08,ID_Ballast,461.47
5.08,ID_Ballast,0.50,5.12,0.31
5.12,ID_Ballast,465.46
5.12,ID_Ballast,0.52,5.12,0.31
5.16,ID_Ballast,469.45
5.16,ID_Ballast,0.54,5.12,0.31
5.20,ID_Ballast,473.43
5.20,ID_Ballast,0.57,5.11,0.31
5.24,ID_Ballast,477.42
5.24,ID_Ballast,0.59,5.11,0.31
5.28,ID_Ballast,481.41
5.28,ID_Ballast,0.62,5.10,0.31
5.32,ID_Ballast,485.39
5.32,ID_Ballast,0.65,5.09,0.31
5.36,ID_Ballast,489.38
5.36,ID_Ballast,0.68,5.08,0.31
5.40,ID_Ballast,493.37
5.40,ID_Ballast,0.71,5.06,0.30
5.44,ID_Ballast,497.35
5.44,ID_Ballast,0.73,5.04,0.30
5.48,ID_Ballast,501.34
5.48,ID_Ballast,0.76,5.02,0.29
5.52,ID_Ballast,505.33
5.52,ID_Ballast,0.79,5.00,0.29
5.56,ID_Ballast,509.31
5.56,ID_Ballast,0.83,4.98,0.28
5.60,ID_Ballast,513.30
5.60,ID_Ballast,0.86,4.96,0.27
5.64,ID_Ballast,517.29
5.64,ID_Ballast,0.89,4.93,0.26
5.68,ID_Ballast,521.27
5.68,ID_Ballast,0.93,4.90,0.25
5.72,ID_Ballast,525.26
5.72,ID_Ballast,0.96,4.87,0.25
5.76,ID_Ballast,529.25
5.76,ID_Ballast,1.00,4.84,0.24
5.80,ID_Ballast,533.23
5.80,ID_Ballast,1.05,4.79,0.24
5.84,ID_Ballast,537.22
5.84,ID_Ballast,1.11,4.73,0.24
5.88,ID_Ballast,541.21
5.88,ID_Ballast,1.17,4.66,0.23
5.92,ID_Ballast,545.19
5.92,ID_Ballast,1.21,4.58,0.21
5.96,ID_Ballast,549.18
5.96,ID_Ballast,1.26,4.48,0.19
6.00,ID_Ballast,553.17
6.00,ID_Ballast,1.31,4.33,0.16
6.04,ID_Ballast,557.15
6.04,ID_Ballast,1.36,4.14,0.14
6.08,ID_Ballast,561.14
6.08,ID_Ballast,1.43,3.90,0.12
6.12,ID_Ballast,565.13
6.12,ID_Ballast,1.50,3.62,0.10
6.16,ID_Ballast,569.11
6.16,ID_Ballast,1.59,3.29,0.08
6.20,ID_Ballast,573.10
6.20,ID_Ballast,1.68,2.91,0.06
6.24,ID_Ballast,577.09
6.24,ID_Ballast,1.78,2.48,0.05
6.28,ID_Ballast,581.07
6.28,ID_Ballast,1.90,2.00,0.04
6.32,ID_Ballast,585.06
6.32,ID_Ballast,2.00,1.55,-0.01
6.36,ID_Ballast,589.05
6.36,ID_Ballast,2.00,1.39,-0.24
6.40,ID_Ballast,593.03
6.40,ID_Ballast,2.00,1.18,-0.46
6.44,ID_Ballast,597.02
6.44,ID_Ballast,1.93,1.16,-0.53
6.48,ID_Ballast,601.01
6.48,ID_Ballast,1.87,1.16,-0.55
6.52,ID_Ballast,604.99
6.52,ID_Ballast,1.81,1.14,-0.56
6.56,ID_Ballast,608.98
6.56,ID_Ballast,1.78,1.13,-0.56
6.60,ID_Ballast,612.97
6.60,ID_Ballast,1.76,1.12,-0.56
6.64,ID_Ballast,616.95
6.64,ID_Ballast,1.76,1.12,-0.56
6.68,ID_Ballast,620.94
6.68,ID_Ballast,1.77,1.13,-0.56
6.72,ID_Ballast,624.93
6.72,ID_Ballast,1.79,1.13,-0.56
6.76,ID_Ballast,628.91
6.76,ID_Ballast,1.83,1.13,-0.55
6.80,ID_Ballast,632.90
6.80,ID_Ballast,1.88,1.14,-0.53
6.84,ID_Ballast,636.89
6.84,ID_Ballast,1.94,1.14,-0.52
6.88,ID_Ballast,640.87
6.88,ID_Ballast,1.97,1.18,-0.51
6.92,ID_Ballast,644.86
6.92,ID_Ballast,1.98,1.19,-0.51
6.96,ID_Ballast,648.85
6.96,ID_Ballast,1.97,1.18,-0.51
7.00,ID_Ballast,652.83
7.00,ID_Ballast,1.94,1.15,-0.52
7.04,ID_Ballast,656.82
7.04,ID_Ballast,1.93,1.14,-0.52
7.08,ID_Ballast,660.81
7.08,ID_Ballast,1.93,1.14,-0.52
7.12,ID_Ballast,664.79
7.12,ID_Ballast,1.93,1.14,-0.52
7.16,ID_Ballast,668.78
7.16,ID_Ballast,1.93,1.14,-0.52
7.20,ID_Ballast,672.77
7.20,ID_Ballast,1.93,1.14,-0.52
7.24,ID_Ballast,676.75
7.24,ID_Ballast,1.93,1.14,-0.52
7.28,ID_Ballast,680.74
7.28,ID_Ballast,1.93,1.14,-0.52
7.32,ID_Ballast,684.73
7.32,ID_Ballast,1.93,1.14,-0.52
7.36,ID_Ballast,688.71
7.36,ID_Ballast,1.93,1.14,-0.52
7.40,ID_Ballast,692.70
7.40,ID_Ballast,1.93,1.14,-0.52
7.44,ID_Ballast,696.69
7.44,ID_Ballast,1.93,1.14,-0.52
7.48,ID_Ballast,700.67
7.48,ID_Ballast,1.93,1.14,-0.52
7.52,ID_Ballast,704.66
7.52,ID_Ballast,1.93,1.14,-0.52
7.56,ID_Ballast,708.65
7.56,ID_Ballast,1.93,1.14,-0.52
7.60,ID_Ballast,712.63
7.60,ID_Ballast,1.93,1.14,-0.52
7.64,ID_Ballast,716.62
7.64,ID_Ballast,1.93,1.14,-0.52
7.68,ID_Ballast,720.61
7.68,ID_Ballast,1.93,1.14,-0.52
7.72,ID_Ballast,724.59
7.72,ID_Ballast,1.93,1.14,-0.52
7.76,ID_Ballast,728.58
7.76,ID_Ballast,1.93,1.14,-0.52
7.80,ID_Ballast,732.57
7.80,ID_Ballast,1.93,1.14,-0.52
7.84,ID_Ballast,736.55
7.84,ID_Ballast,1.93,1.14,-0.52
7.88,ID_Ballast,740.54
7.88,ID_Ballast,1.93,1.14,-0.52
7.92,ID_Ballast,744.53
7.92,ID_Ballast,1.93,1.14,-0.52
7.96,ID_Ballast,748.51
7.96,ID_Ballast,1.93,1.14,-0.52
8.00,ID_Ballast,752.50
8.00,ID_Ballast,1.93,1.14,-0.52
8.04,ID_Ballast,756.49
8.04,ID_Ballast,1.93,1.14,-0.52
8.08,ID_Ballast,760.47
8.08,ID_Ballast,1.93,1.14,-0.52
8.12,ID_Ballast,764.46
8.12,ID_Ballast,1.93,1.14,-0.52
8.16,ID_Ballast,768.45
8.16,ID_Ballast,1.93,1.14,-0.52
8.20,ID_Ballast,772.43
8.20,ID_Ballast,1.93,1.14,-0.52
8.24,ID_Ballast,776.42
8.24,ID_Ballast,1.93,1.14,-0.52
8.28,ID_Ballast,780.41
8.28,ID_Ballast,1.93,1.14,-0.52
8.32,ID_Ballast,784.39
8.32,ID_Ballast,1.93,1.14,-0.52
8.36,ID_Ballast,788.38
8.36,ID_Ballast,1.93,1.14,-0.52
8.40,ID_Ballast,792.37
8.40,ID_Ballast,1.93,1.14,-0.52
8.44,ID_Ballast,796.35
8.44,ID_Ballast,1.93,1.14,-0.52
8.48,ID_Ballast,800.34
8.48,ID_Ballast,1.93,1.14,-0.52
8.52,ID_Ballast,804.33
8.52,ID_Ballast,1.93,1.14,-0.52
8.56,ID_Ballast,808.31
8.56,ID_Ballast,1.93,1.14,-0.52
8.60,ID_Ballast,812.30
8.60,ID_Ballast,1.93,1.14,-0.52
8.64,ID_Ballast,816.29
8.64,ID_Ballast,1.93,1.14,-0.52
8.68,ID_Ballast,820.27
8.68,ID_Ballast,1.93,1.14,-0.52
8.72,ID_Ballast,824.26
8.72,ID_Ballast,1.93,1.14,-0.52
8.76,ID_Ballast,828.25
8.76,ID_Ballast,1.93,1.14,-0.52
8.80,ID_Ballast,832.23
8.80,ID_Ballast,1.93,1.14,-0.52
8.84,ID_Ballast,836.22
8.84,ID_Ballast,1.93,1.14,-0.52
8.88,ID_Ballast,840.21
8.88,ID_Ballast,1.93,1.14,-0.52
8.92,ID_Ballast,844.19
8.92,ID_Ballast,1.93,1.14,-0.52
8.96,ID_Ballast,848.18
8.96,ID_Ballast,1.93,1.14,-0.52
9.00,ID_Ballast,852.17
9.00,ID_Ballast,1.93,1.14,-0.52
9.04,ID_Ballast,856.15
9.04,ID_Ballast,1.93,1.14,-0.52
9.08,ID_Ballast,860.14
9.08,ID_Ballast,1.93,1.14,-0.52
9.12,ID_Ballast,864.13
9.12,ID_Ballast,1.93,1.14,-0.52
9.16,ID_Ballast,868.11
9.16,ID_Ballast,1.93,1.14,-0.52
9.20,ID_Ballast,872.10
9.20,ID_Ballast,1.93,1.14,-0.52
9.24,ID_Ballast,876.09
9.24,ID_Ballast,1.93,1.14,-0.52
9.28,ID_Ballast,880.07
9.28,ID_Ballast,1.93,1.14,-0.52
9.32,ID_Ballast,884.06
9.32,ID_Ballast,1.93,1.14,-0.52
9.36,ID_Ballast,888.05
9.36,ID_Ballast,1.93,1.14,-0.52
9.40,ID_Ballast,892.03
9.40,ID_Ballast,1.93,1.14,-0.52
9.44,ID_Ballast,896.02
9.44,ID_Ballast,1.93,1.14,-0.52
9.48,ID_Ballast,900.01
9.48,ID_Ballast,1.93,1.14,-0.52
9.52,ID_Ballast,903.99
9.52,ID_Ballast,1.93,1.14,-0.52
9.56,ID_Ballast,907.98
9.56,ID_Ballast,1.93,1.14,-0.52
9.60,ID_Ballast,911.97
9.60,ID_Ballast,1.93,1.14,-0.52
9.64,ID_Ballast,915.95
9.64,ID_Ballast,1.93,1.14,-0.52
9.68,ID_Ballast,919.94
9.68,ID_Ballast,1.93,1.14,-0.52
9.72,ID_Ballast,923.93
9.72,ID_Ballast,1.93,1.14,-0.52
9.76,ID_Ballast,927.91
9.76,ID_Ballast,1.93,1.14,-0.52
9.80,ID_Ballast,931.90
9.80,ID_Ballast,1.93,1.14,-0.52
9.84,ID_Ballast,935.89
9.84,ID_Ballast,1.93,1.14,-0.52
9.88,ID_Ballast,939.87
9.88,ID_Ballast,1.93,1.14,-0.52
9.92,ID_Ballast,943.86
9.92,ID_Ballast,1.93,1.14,-0.52
9.96,ID_Ballast,947.85
9.96,ID_Ballast,1.93,1.14,-0.52
10.00,ID_Ballast,951.83
10.00,ID_Ballast,1.93,1.14,-0.52
10.04,ID_Ballast,955.82
10.04,ID_Ballast,1.93,1.14,-0.52
10.08,ID_Ballast,959.81
10.08,ID_Ballast,1.93,1.14,-0.52
10.12,ID_Ballast,963.79
10.12,ID_Ballast,1.93,1.14,-0.52
10.16,ID_Ballast,967.78
10.16,ID_Ballast,1.93,1.14,-0.52
10.20,ID_Ballast,971.77
10.20,ID_Ballast,1.93,1.14,-0.52
10.24,ID_Ballast,975.75
10.24,ID_Ballast,1.93,1.14,-0.52
10.28,ID_Ballast,979.74
10.28,ID_Ballast,1.93,1.14,-0.52
10.32,ID_Ballast,983.73
10.32,ID_Ballast,1.93,1.14,-0.52
10.36,ID_Ballast,987.71
10.36,ID_Ballast,1.93,1.14,-0.52
10.40,ID_Ballast,991.70
10.40,ID_Ballast,1.93,1.14,-0.52
10.44,ID_Ballast,995.69
10.44,ID_Ballast,1.93,1.14,-0.52
10.48,ID_Ballast,999.67
10.48,ID_Ballast,1.93,1.14,-0.52
10.52,ID_Ballast,1003.66
10.52,ID_Ballast,1.93,1.14,-0.52
10.56,ID_Ballast,1007.65
10.56,ID_Ballast,1.93,1.14,-0.52
10.60,ID_Ballast,1011.63
10.60,ID_Ballast,1.93,1.14,-0.52
10.64,ID_Ballast,1015.62
10.64,ID_Ballast,1.93,1.14,-0.52
10.68,ID_Ballast,1019.61
10.68,ID_Ballast,1.93,1.14,-0.52
10.72,ID_Ballast,1023.59
10.72,ID_Ballast,1.93,1.14,-0.52
10.76,ID_Ballast,1027.58
10.76,ID_Ballast,1.93,1.14,-0.52
10.80,ID_Ballast,1031.57
10.80,ID_Ballast,1.93,1.14,-0.52
10.84,ID_Ballast,1035.55
10.84,ID_Ballast,1.93,1.14,-0.52
10.88,ID_Ballast,1039.54
10.88,ID_Ballast,1.93,1.14,-0.52
10.92,ID_Ballast,1043.53
10.92,ID_Ballast,1.93,1.14,-0.52
10.96,ID_Ballast,1047.51
10.96,ID_Ballast,1.93,1.14,-0.52
11.00,ID_Ballast,1051.50
11.00,ID_Ballast,1.93,1.14,-0.52
11.04,ID_Ballast,1055.49
11.04,ID_Ballast,1.93,1.14,-0.52
11.08,ID_Ballast,1059.47
11.08,ID_Ballast,1.93,1.14,-0.52
11.12,ID_Ballast,1063.46
11.12,ID_Ballast,1.93,1.14,-0.52
11.16,ID_Ballast,1067.45
11.16,ID_Ballast,1.93,1.14,-0.52
11.20,ID_Ballast,1071.43
11.20,ID_Ballast,1.93,1.14,-0.52
11.24,ID_Ballast,1075.42
11.24,ID_Ballast,1.93,1.14,-0.52
11.28,ID_Ballast,1079.41
11.28,ID_Ballast,1.93,1.14,-0.52
11.32,ID_Ballast,1083.39
11.32,ID_Ballast,1.93,1.14,-0.52
11.36,ID_Ballast,1087.38
11.36,ID_Ballast,1.93,1.14,-0.52
11.40,ID_Ballast,1091.37
11.40,ID_Ballast,1.93,1.14,-0.52
11.44,ID_Ballast,1095.35
11.44,ID_Ballast,1.93,1.14,-0.52
11.48,ID_Ballast,1099.34
11.48,ID_Ballast,1.93,1.14,-0.52
11.52,ID_Ballast,1103.33
11.52,ID_Ballast,1.93,1.14,-0.52
11.56,ID_Ballast,1107.31
11.56,ID_Ballast,1.93,1.14,-0.52
11.60,ID_Ballast,1111.30
11.60,ID_Ballast,1.93,1.14,-0.52
11.64,ID_Ballast,1115.29
11.64,ID_Ballast,1.93,1.14,-0.52
11.68,ID_Ballast,1119.27
11.68,ID_Ballast,1.93,1.14,-0.52
11.72,ID_Ballast,1123.26
11.72,ID_Ballast,1.93,1.14,-0.52
11.76,ID_Ballast,1127.25
11.76,ID_Ballast,1.93,1.14,-0.52
11.80,ID_Ballast,1131.23
11.80,ID_Ballast,1.93,1.14,-0.52
11.84,ID_Ballast,1135.22
11.84,ID_Ballast,1.93,1.14,-0.52
11.88,ID_Ballast,1139.21
11.88,ID_Ballast,1.93,1.14,-0.52
11.92,ID_Ballast,1143.19
11.92,ID_Ballast,1.93,1.14,-0.52
11.96,ID_Ballast,1147.18
11.96,ID_Ballast,1.93,1.14,-0.52
12.00,ID_Ballast,1151.17
12.00,ID_Ballast,1.93,1.14,-0.52
12.04,ID_Ballast,1155.15
12.04,ID_Ballast,1.93,1.14,-0.52
12.08,ID_Ballast,1159.14
12.08,ID_Ballast,1.93,1.14,-0.52
12.12,ID_Ballast,1163.13
12.12,ID_Ballast,1.93,1.14,-0.52
12.16,ID_Ballast,1167.11
12.16,ID_Ballast,1.93,1.14,-0.52
12.20,ID_Ballast,1171.10
12.20,ID_Ballast,1.93,1.14,-0.52
12.24,ID_Ballast,1175.09
12.24,ID_Ballast,1.93,1.14,-0.52
12.28,ID_Ballast,1179.07
12.28,ID_Ballast,1.93,1.14,-0.52
12.32,ID_Ballast,1183.06
12.32,ID_Ballast,1.93,1.14,-0.52
12.36,ID_Ballast,1187.05
12.36,ID_Ballast,1.93,1.14,-0.52
12.40,ID_Ballast,1191.03
12.40,ID_Ballast,1.93,1.14,-0.52
12.44,ID_Ballast,1195.02
12.44,ID_Ballast,1.93,1.14,-0.52
12.48,ID_Ballast,1199.01
12.48,ID_Ballast,1.93,1.14,-0.52
12.52,ID_Ballast,1202.99
12.52,ID_Ballast,1.93,1.14,-0.52
12.56,ID_Ballast,1206.98
12.56,ID_Ballast,1.93,1.14,-0.52
12.60,ID_Ballast,1210.97
12.60,ID_Ballast,1.93,1.14,-0.52
12.64,ID_Ballast,1214.95
12.64,ID_Ballast,1.93,1.14,-0.52
12.68,ID_Ballast,1218.94
12.68,ID_Ballast,1.93,1.14,-0.52
12.72,ID_Ballast,1222.93
12.72,ID_Ballast,1.93,1.14,-0.52
12.76,ID_Ballast,1226.91
12.76,ID_Ballast,1.93,1.14,-0.52
12.80,ID_Ballast,1230.90
12.80,ID_Ballast,1.93,1.14,-0.52
12.84,ID_Ballast,1234.89
12.84,ID_Ballast,1.93,1.14,-0.52
12.88,ID_Ballast,1238.87
12.88,ID_Ballast,1.93,1.14,-0.52
12.92,ID_Ballast,1242.86
12.92,ID_Ballast,1.93,1.14,-0.52
12.96,ID_Ballast,1246.85
12.96,ID_Ballast,1.93,1.14,-0.52
13.00,ID_Ballast,1250.83
13.00,ID_Ballast,1.93,1.14,-0.52
13.04,ID_Ballast,1254.82
13.04,ID_Ballast,1.93,1.14,-0.52
13.08,ID_Ballast,1258.81
13.08,ID_Ballast,1.93,1.14,-0.52
13.12,ID_Ballast,1262.79
13.12,ID_Ballast,1.93,1.14,-0.52
13.16,ID_Ballast,1266.78
13.16,ID_Ballast,1.93,1.14,-0.52
13.20,ID_Ballast,1270.77
13.20,ID_Ballast,1.93,1.14,-0.52
13.24,ID_Ballast,1274.75
13.24,ID_Ballast,1.93,1.14,-0.52
13.28,ID_Ballast,1278.74
13.28,ID_Ballast,1.93,1.14,-0.52
13.32,ID_Ballast,1282.73
13.32,ID_Ballast,1.93,1.14,-0.52
13.36,ID_Ballast,1286.71
13.36,ID_Ballast,1.93,1.14,-0.52
13.40,ID_Ballast,1290.70
13.40,ID_Ballast,1.93,1.14,-0.52
13.44,ID_Ballast,1294.69
13.44,ID_Ballast,1.93,1.14,-0.52
13.48,ID_Ballast,1298.67
13.48,ID_Ballast,1.93,1.14,-0.52
13.52,ID_Ballast,1302.66
13.52,ID_Ballast,1.93,1.14,-0.52
13.56,ID_Ballast,1306.65
13.56,ID_Ballast,1.93,1.14,-0.52
13.60,ID_Ballast,1310.63
13.60,ID_Ballast,1.93,1.14,-0.52
13.64,ID_Ballast,1314.62
13.64,ID_Ballast,1.93,1.14,-0.52
13.68,ID_Ballast,1318.61
13.68,ID_Ballast,1.93,1.14,-0.52
13.72,ID_Ballast,1322.59
13.72,ID_Ballast,1.93,1.14,-0.52
13.76,ID_Ballast,1326.58
13.76,ID_Ballast,1.93,1.14,-0.52
13.80,ID_Ballast,1330.57
13.80,ID_Ballast,1.93,1.14,-0.52
13.84,ID_Ballast,1334.55
13.84,ID_Ballast,1.93,1.14,-0.52
13.88,ID_Ballast,1338.54
13.88,ID_Ballast,1.93,1.14,-0.52
13.92,ID_Ballast,1342.53
13.92,ID_Ballast,1.93,1.14,-0.52
13.96,ID_Ballast,1346.51
13.96,ID_Ballast,1.93,1.14,-0.52
14.00,ID_Ballast,1350.50
14.00,ID_Ballast,1.93,1.14,-0.52
14.04,ID_Ballast,1354.49
14.04,ID_Ballast,1.93,1.14,-0.52
14.08,ID_Ballast,1358.47
14.08,ID_Ballast,1.93,1.14,-0.52
14.12,ID_Ballast,1362.46
14.12,ID_Ballast,1.93,1.14,-0.52
14.16,ID_Ballast,1366.45
14.16,ID_Ballast,1.93,1.14,-0.52
14.20,ID_Ballast,1370.43
14.20,ID_Ballast,1.93,1.14,-0.52
14.24,ID_Ballast,1374.42
14.24,ID_Ballast,1.93,1.14,-0.52
14.28,ID_Ballast,1378.41
14.28,ID_Ballast,1.93,1.14,-0.52
14.32,ID_Ballast,1382.39
14.32,ID_Ballast,1.93,1.14,-0.52
14.36,ID_Ballast,1386.38
14.36,ID_Ballast,1.93,1.14,-0.52
14.40,ID_Ballast,1390.37
14.40,ID_Ballast,1.93,1.14,-0.52
14.44,ID_Ballast,1394.35
14.44,ID_Ballast,1.93,1.14,-0.52
14.48,ID_Ballast,1398.34
14.48,ID_Ballast,1.93,1.14,-0.52
14.52,ID_Ballast,1402.33
14.52,ID_Ballast,1.93,1.14,-0.52
14.56,ID_Ballast,1406.31
14.56,ID_Ballast,1.93,1.14,-0.52
14.60,ID_Ballast,1410.30
14.60,ID_Ballast,1.93,1.14,-0.52
14.64,ID_Ballast,1414.29
14.64,ID_Ballast,1.93,1.14,-0.52
14.68,ID_Ballast,1418.27
14.68,ID_Ballast,1.93,1.14,-0.52
14.72,ID_Ballast,1422.26
14.72,ID_Ballast,1.93,1.14,-0.52
14.76,ID_Ballast,1426.25
14.76,ID_Ballast,1.93,1.14,-0.52
14.80,ID_Ballast,1430.23
14.80,ID_Ballast,1.93,1.14,-0.52
14.84,ID_Ballast,1434.22
14.84,ID_Ballast,1.93,1.14,-0.52
14.88,ID_Ballast,1438.21
14.88,ID_Ballast,1.93,1.14,-0.52
14.92,ID_Ballast,1442.19
14.92,ID_Ballast,1.93,1.14,-0.52
14.96,ID_Ballast,1446.18
14.96,ID_Ballast,1.93,1.14,-0.52
15.00,ID_Ballast,1450.17
15.00,ID_Ballast,1.93,1.14,-0.52
15.04,ID_Ballast,1454.15
15.04,ID_Ballast,1.93,1.14,-0.52
15.08,ID_Ballast,1458.14
15.08,ID_Ballast,1.93,1.14,-0.52
15.12,ID_Ballast,1462.13
15.12,ID_Ballast,1.93,1.14,-0.52
15.16,ID_Ballast,1466.11
15.16,ID_Ballast,1.93,1.14,-0.52
15.20,ID_Ballast,1470.10
15.20,ID_Ballast,1.93,1.14,-0.52
15.24,ID_Ballast,1474.09
15.24,ID_Ballast,1.93,1.14,-0.52
15.28,ID_Ballast,1478.07
15.28,ID_Ballast,1.93,1.14,-0.52
15.32,ID_Ballast,1482.06
15.32,ID_Ballast,1.93,1.14,-0.52
15.36,ID_Ballast,1486.05
15.36,ID_Ballast,1.93,1.14,-0.52
15.40,ID_Ballast,1490.03
15.40,ID_Ballast,1.93,1.14,-0.52
15.44,ID_Ballast,1494.02
15.44,ID_Ballast,1.93,1.14,-0.52
15.48,ID_Ballast,1498.01
15.48,ID_Ballast,1.93,1.14,-0.52
15.52,ID_Ballast,1500.00
15.52,ID_Ballast,1.93,1.14,-0.52
15.56,ID_Ballast,1500.00
15.56,ID_Ballast,1.93,1.14,-0.52
15.60,ID_Ballast,1500.00
15.60,ID_Ballast,1.93,1.14,-0.52
15.64,ID_Ballast,1500.00
15.64,ID_Ballast,1.93,1.14,-0.52
15.68,ID_Ballast,1500.00
15.68,ID_Ballast,1.93,1.14,-0.52
15.72,ID_Ballast,1500.00
15.72,ID_Ballast,1.93,1.14,-0.52
15.76,ID_Ballast,1500.00
15.76,ID_Ballast,1.93,1.14,-0.52
15.80,ID_Ballast,1500.00
15.80,ID_Ballast,1.93,1.14,-0.52
15.84,ID_Ballast,1500.00
15.84,ID_Ballast,1.93,1.14,-0.52
15.88,ID_Ballast,1500.00
15.88,ID_Ballast,1.93,1.14,-0.52
15.92,ID_Ballast,1500.00
15.92,ID_Ballast,1.93,1.14,-0.52
15.96,ID_Ballast,1500.00
15.96,ID_Ballast,1.93,1.14,-0.52
16.00,ID_Ballast,1500.00
16.00,ID_Ballast,1.93,1.14,-0.52
16.04,ID_Ballast,1500.00
16.04,ID_Ballast,1.93,1.14,-0.52
16.08,ID_Ballast,1500.00
16.08,ID_Ballast,1.93,1.14,-0.52
16.12,ID_Ballast,1500.00
16.12,ID_Ballast,1.93,1.14,-0.52
16.16,ID_Ballast,1500.00
16.16,ID_Ballast,1.93,1.14,-0.52
16.20,ID_Ballast,1500.00
16.20,ID_Ballast,1.93,1.14,-0.52
16.24,ID_Ballast,1500.00
16.24,ID_Ballast,1.93,1.14,-0.52
16.28,ID_Ballast,1500.00
16.28,ID_Ballast,1.93,1.14,-0.52
16.32,ID_Ballast,1500.00
16.32,ID_Ballast,1.93,1.14,-0.52
16.36,ID_Ballast,1500.00
16.36,ID_Ballast,1.93,1.14,-0.52
16.40,ID_Ballast,1500.00
16.40,ID_Ballast,1.93,1.14,-0.52
16.44,ID_Ballast,1500.00
16.44,ID_Ballast,1.93,1.14,-0.52
16.48,ID_Ballast,1500.00
16.48,ID_Ballast,1.93,1.14,-0.52
16.52,ID_Ballast,1500.00
16.52,ID_Ballast,1.93,1.14,-0.52
16.56,ID_Ballast,1500.00
16.56,ID_Ballast,1.93,1.14,-0.52
16.60,ID_Ballast,1500.00
16.60,ID_Ballast,1.93,1.14,-0.52
16.64,ID_Ballast,1500.00
16.64,ID_Ballast,1.93,1.14,-0.52
16.68,ID_Ballast,1500.00
16.68,ID_Ballast,1.93,1.14,-0.52
16.72,ID_Ballast,1500.00
16.72,ID_Ballast,1.93,1.14,-0.52
16.76,ID_Ballast,1500.00
16.76,ID_Ballast,1.93,1.14,-0.52
16.80,ID_Ballast,1500.00
16.80,ID_Ballast,1.93,1.14,-0.52
16.84,ID_Ballast,1500.00
16.84,ID_Ballast,1.93,1.14,-0.52
16.88,ID_Ballast,1500.00
16.88,ID_Ballast,1.93,1.14,-0.52
16.92,ID_Ballast,1500.00
16.92,ID_Ballast,1.93,1.14,-0.52
16.96,ID_Ballast,1500.00
16.96,ID_Ballast,1.93,1.14,-0.52
17.00,ID_Ballast,1500.00
17.00,ID_Ballast,1.93,1.14,-0.52
